{
    "ascendant":18.847256354881495,
    "planets":[
        [5,25.294973831648008,"25° 18'"],
        [7,25.174121884709564,"25° 10'"],
        [6,9.568074379323718,"9° 34'"],
        [4,9.6230913013664,"9° 37'"],
        [1,10.954135209490628,"10° 57'"],
        [3,3.898183233471741,"3° 54'"],
        [9,26.05192048360152,"26° 03'"],
        [9,27.18436047061158,"27° 11'"],
        [10,7.683395389045813,"7° 41'"],
        [8,9.995784473560946,"9° 60'"],
        [12,14.148245874280178,"14° 09'"],
        [6,14.148245874280178,"14° 09'"]
    ],
    "houses":[
        318.8472563548815,
        356.0782258927991,
        30.248628374954443,
        58.98991849010798,
        84.35567952330621,
        109.68688834215857,
        138.8472563548815,
        176.07822589279908,
        210.24862837495445,
        238.98991849010798,
        264.3556795233062,
        289.68688834215857
    ]
}
